feature,score,min,max,n_null,n_gt1w
x148,2610,-1.0,22.45,19,0,numeric
x29,2424,-1.0,88.8,83,0,numeric
x138,2282,-1.0,77.19,83,0,numeric
x2,2226,-1.0,56.41,19,0,numeric
x767,2198,-1,302150,19,1541,numeric
x778,2171,-1,21777,19,1,numeric
x363,2139,0.0,692.0,0,0,numeric
x137,2138,-1.0,100.0,83,0,numeric
x578,2116,-1,8402,19,0,numeric
x135,2095,-1.0,77.8,83,0,numeric
x6,2095,-1.0,21.77,19,0,numeric
x791,2084,-1,29982,19,4,numeric
x951,2076,-1.0,14748.62,138,2,numeric
x944,2063,-1.0,3223695.97,285,136,numeric
x293,2051,-1.0,169691.14,19,474,numeric
x606,1996,-1,86220,19,96,numeric
x58,1996,-1.0,100.0,83,0,numeric
x96,1955,-1.0,100.0,83,0,numeric
x559,1945,-1,39032,19,122,numeric
x690,1884,-1,27933,19,3,numeric
x607,1867,-1,53193,19,10,numeric
x226,1773,-1.0,25.56,19,0,numeric
x193,1746,-1.0,50.32,19,0,numeric
x407,1717,-1,735855,19,83,numeric
x114,1712,-1.0,36.19,19,0,numeric
x367,1707,-1.0,33.2,92,0,numeric
x368,1699,-1.0,40.0,92,0,numeric
x211,1694,-1.0,100.0,131,0,numeric
x53,1694,-1.0,100.0,92,0,numeric
x161,1688,-1.0,100.0,131,0,numeric
x404,1677,-1,471,19,0,numeric
x218,1665,-1.0,22.9,131,0,numeric
x99,1654,-1.0,100.0,130,0,numeric
x26,1653,-1.0,85.71,83,0,numeric
x178,1651,-1.0,50.0,92,0,numeric
x940,1646,-1.0,342075.0,285,38,numeric
x433,1643,-1.0,2480.62,52,0,numeric
x142,1643,-1.0,100.0,130,0,numeric
x412,1630,-1,1000,19,0,numeric
x82,1628,-1.0,86.59,92,0,numeric
x234,1625,-1.0,32.22,92,0,numeric
x772,1624,-1,19913,19,5,numeric
x235,1608,-1.0,100.0,92,0,numeric
x524,1581,-1,40811,19,14,numeric
x735,1560,-1,443,19,0,numeric
x879,1541,-1,24864,19,4,numeric
x645,1540,-1,333,2386,0,numeric
x171,1534,-1.0,24.17,19,0,numeric
x592,1526,-1,131274,19,60,numeric
x364,1525,-1.0,100.0,92,0,numeric
x175,1524,-1.0,30.19,19,0,numeric
x486,1521,-1,2028938,20,9340,numeric
x159,1521,-1.0,46.1,92,0,numeric
x94,1519,-1.0,100.0,83,0,numeric
x549,1514,-1,343,846,0,numeric
x165,1510,-1.0,100.0,131,0,numeric
x771,1507,-1,122906,19,129,numeric
x28,1499,-1.0,100.0,83,0,numeric
x584,1497,-1,60288,19,45,numeric
x76,1492,-1.0,71.85,19,0,numeric
x98,1489,-1.0,100.0,130,0,numeric
x236,1471,-1.0,100.0,131,0,numeric
x482,1462,-1,135922,23,758,numeric
x563,1456,-1,18666,19,1,numeric
x212,1456,-1.0,100.0,131,0,numeric
x554,1455,-1,312,667,0,numeric
x829,1444,-1,39368,19,22,numeric
x93,1437,-1.0,100.0,83,0,numeric
x428,1437,-1.0,100.0,52,0,numeric
x143,1428,-1.0,100.0,130,0,numeric
x11,1425,-1.0,78.1,19,0,numeric
x68,1417,-1.0,100.0,130,0,numeric
x298,1413,-1.0,101377.31,19,591,numeric
x59,1402,-1.0,75.0,83,0,numeric
x25,1401,-1.0,66.05,83,0,numeric
x200,1400,-1.0,34.29,19,0,numeric
x134,1393,-1.0,100.0,83,0,numeric
x941,1387,-1.0,499087.41,285,67,numeric
x132,1379,-1.0,100.0,131,0,numeric
x406,1375,-1,16706,19,62,numeric
x286,1373,-1,66370,19,29,numeric
x229,1373,-1.0,34.76,19,0,numeric
x721,1372,-1,10829,19,2,numeric
x738,1368,-1,10181,19,1,numeric
x943,1367,-1.0,49966.49,285,8,numeric
x101,1366,-1.0,100.0,130,0,numeric
x252,1353,-1,95053,19,31,numeric
x119,1352,-1.0,56.37,92,0,numeric
x227,1350,-1.0,25.68,19,0,numeric
x95,1348,-1.0,79.68,83,0,numeric
x10,1346,-1.0,78.23,19,0,numeric
x462,1343,0,164,0,0,numeric
x224,1343,-1.0,51.2,19,0,numeric
x65,1341,-1.0,100.0,130,0,numeric
x141,1337,-1.0,100.0,130,0,numeric
x79,1328,-1.0,36.03,19,0,numeric
x189,1325,-1.0,24.0,19,0,numeric
x422,1323,-1,254,19,0,numeric
x43,1314,-1.0,83.56,19,0,numeric
x13,1313,-1.0,52.09,19,0,numeric
x145,1313,-1.0,20.91,19,0,numeric
x67,1312,-1.0,100.0,130,0,numeric
x9,1309,-1.0,33.88,19,0,numeric
x162,1296,-1.0,100.0,131,0,numeric
x591,1289,-1,657,19,0,numeric
x458,1286,0,37,0,0,numeric
x995,1281,-1,973,19,0,numeric
x210,1280,-1.0,76.82,92,0,numeric
x66,1278,-1.0,100.0,130,0,numeric
x42,1277,-1.0,48.37,19,0,numeric
x999,1276,-1,445,19,0,numeric
x270,1272,-1,371789,19,852,numeric
x92,1270,-1.0,100.0,83,0,numeric
x136,1265,-1.0,51.79,83,0,numeric
x199,1261,-1.0,27.08,19,0,numeric
x868,1255,-1,36415,19,2,numeric
x204,1250,-1.0,72.57,92,0,numeric
x110,1250,-1.0,46.23,19,0,numeric
x722,1246,-1,10945,19,1,numeric
x734,1243,-1,57114,19,128,numeric
x153,1240,-1.0,41.67,19,0,numeric
x144,1236,-1.0,100.0,130,0,numeric
x689,1228,-1,3359,19,0,numeric
x31,1221,-1.0,100.0,130,0,numeric
x168,1221,-1.0,24.11,19,0,numeric
x231,1218,-1.0,26.5,19,0,numeric
x115,1215,-1.0,41.8,19,0,numeric
x27,1208,-1.0,100.0,83,0,numeric
x873,1203,-1,5936,19,0,numeric
x246,1201,-1,199397,19,871,numeric
x716,1201,-1,129551,19,150,numeric
x107,1201,-1.0,31.87,19,0,numeric
x192,1198,-1.0,32.22,19,0,numeric
x55,1196,-1.0,100.0,131,0,numeric
x14,1196,-1.0,31.34,19,0,numeric
x239,1194,-1.0,52.78,131,0,numeric
x398,1189,-85,735674,22,1,numeric
x37,1185,-1.0,18.95,19,0,numeric
x123,1179,-1.0,100.0,131,0,numeric
x820,1176,-1,320,989,0,numeric
x139,1174,-1.0,35.15,83,0,numeric
x130,1167,-1.0,100.0,131,0,numeric
x959,1166,-1.0,247.14,4421,0,numeric
x172,1157,-1.0,51.72,19,0,numeric
x986,1152,-1,122,19,0,numeric
x4,1152,-1.0,78.13,19,0,numeric
x558,1151,-1,52514,19,145,numeric
x842,1151,-1,35156,19,9,numeric
x30,1149,-1.0,100.0,130,0,numeric
x158,1149,-1.0,18.52,92,0,numeric
x346,1147,0.01,2950.0,0,0,numeric
x352,1142,0.01,726.0,0,0,numeric
x825,1127,-1,52934,19,32,numeric
x609,1127,-1,4966,19,0,numeric
x219,1127,-1.0,42.86,131,0,numeric
x240,1126,-1.0,100.0,131,0,numeric
x852,1124,-1,24189,19,33,numeric
x97,1124,-1.0,28.57,83,0,numeric
x846,1114,-1,74671,19,27,numeric
x121,1114,-1.0,37.04,92,0,numeric
x656,1110,-1,27947,19,2,numeric
x191,1110,-1.0,34.61,19,0,numeric
x392,1108,-1,735675,19,1,numeric
x289,1104,-1,361,907,0,numeric
x272,1102,-1,45269,19,33,numeric
x185,1100,-1.0,100.0,131,0,numeric
x601,1098,-1,3019,19,0,numeric
x140,1096,-1.0,100.0,130,0,numeric
x942,1093,-1.0,3483648.0,285,172,numeric
x208,1091,-1.0,100.0,92,0,numeric
x205,1090,-1.0,57.14,92,0,numeric
x366,1086,-1.0,7748103.03,92,247,numeric
x769,1086,-1,120625,19,38,numeric
x183,1085,-1.0,100.0,131,0,numeric
x125,1085,-1.0,100.0,131,0,numeric
x305,1084,-1,875860,19,2241,numeric
x427,1084,-1.0,151.31,52,0,numeric
x241,1081,-1,74077,19,36,numeric
x50,1081,-1.0,14.29,92,0,numeric
x182,1079,-1.0,72.45,92,0,numeric
x105,1077,-1.0,100.0,130,0,numeric
x222,1076,-1.0,14.08,19,0,numeric
x565,1072,-1,6136,19,0,numeric
x336,1067,-1,278,7095,0,numeric
x477,1064,-1,3400,20,0,numeric
x878,1057,-1,723,19,0,numeric
x822,1055,-1,95326,19,329,numeric
x867,1054,-1,19126,19,2,numeric
x72,1052,-1.0,49.0,19,0,numeric
x763,1048,-1,74565,19,192,numeric
x8,1048,-1.0,42.22,19,0,numeric
x358,1045,0.0,13120.0,0,1,numeric
x111,1044,-1.0,58.88,19,0,numeric
x173,1044,-1.0,35.29,19,0,numeric
x947,1043,-1.0,8313.53,285,0,numeric
x60,1041,-1.0,100.0,83,0,numeric
x190,1039,-1.0,21.97,19,0,numeric
x823,1033,-1,12234,19,7,numeric
x849,1030,-1,76376,19,31,numeric
x654,1028,-1,29714,19,13,numeric
x257,1023,-1,30561,19,38,numeric
x698,1021,-1,66452,19,7,numeric
x39,1021,-1.0,17.6,19,0,numeric
x362,1019,0.0,620.0,0,0,numeric
x129,1016,-1.0,66.67,131,0,numeric
x514,1015,-1,15950,19,2,numeric
x560,1012,-1,14517,19,3,numeric
x57,1010,-1.0,100.0,131,0,numeric
x528,1004,-1,29522,19,9,numeric
x1010,1004,-1,398,19,0,numeric
x490,1003,-1,120,19,0,numeric
x195,1001,-1.0,25.42,19,0,numeric
x1024,999,-1,799,19,0,numeric
x435,999,-1.0,81.05,52,0,numeric
x474,998,-1,736,20,0,numeric
x152,998,-1.0,40.65,19,0,numeric
x395,995,-1,279,19,0,numeric
x35,991,-1.0,42.82,19,0,numeric
x70,989,-1.0,45.41,19,0,numeric
x120,988,-1.0,100.0,92,0,numeric
x149,988,-1.0,23.53,19,0,numeric
x356,987,0.0,814.0,0,0,numeric
x858,987,-1,24487,19,3,numeric
x74,987,-1.0,35.13,19,0,numeric
x223,984,-1.0,30.21,19,0,numeric
x21,977,-1.0,68.95,131,0,numeric
x1019,975,-1,109,19,0,numeric
x511,974,-1,677179,19,91,numeric
x683,974,-1,20357,19,4,numeric
x766,971,-1,249,19,0,numeric
x128,971,-1.0,100.0,131,0,numeric
x357,971,-100.26,9656.69,160,0,numeric
x52,970,-1.0,46.1,92,0,numeric
x237,968,-1.0,50.0,131,0,numeric
x88,967,-1.0,100.0,131,0,numeric
x46,964,-1.0,33.89,19,0,numeric
x681,962,-1,143,19,0,numeric
x51,962,-1.0,28.57,92,0,numeric
x84,961,-1.0,47.45,92,0,numeric
x956,957,-1,61,4421,0,numeric
x359,956,0.0,1134854.0,0,9358,numeric
x122,953,-1.0,66.67,92,0,numeric
x634,942,-1,25110,19,2,numeric
x112,940,-1.0,53.13,19,0,numeric
x24,940,-1.0,52.78,131,0,numeric
x287,939,-1,33082,19,30,numeric
x383,939,-1,141,19,0,numeric
x685,934,-1,241519,19,1893,numeric
x337,933,-1,735485,19,231,numeric
x946,933,-1.0,2944.04,285,0,numeric
x494,933,-1,300,19,0,numeric
x113,933,-1.0,51.76,19,0,numeric
x89,932,-1.0,100.0,131,0,numeric
x230,932,-1.0,16.43,19,0,numeric
x83,928,-1.0,100.0,92,0,numeric
x85,928,-1.0,27.94,92,0,numeric
x950,928,-86.86,9810.62,161,0,numeric
x1026,927,-1,97,19,0,numeric
x3,925,-1.0,48.99,19,0,numeric
x1018,923,-1,191,19,0,numeric
x824,922,-1,192,19,0,numeric
x179,922,-1.0,51.61,92,0,numeric
x118,920,-1.0,79.38,92,0,numeric
x16,920,-1.0,72.57,92,0,numeric
x131,917,-1.0,42.86,131,0,numeric
x757,916,-1,96,19,0,numeric
x760,912,-1,12692,19,2,numeric
x342,912,-1,5613,19,0,numeric
x164,911,-1.0,50.0,131,0,numeric
x44,910,-1.0,53.6,19,0,numeric
x209,910,-1.0,28.57,92,0,numeric
x864,906,-1,7078,19,0,numeric
x583,906,-1,792,19,0,numeric
x552,906,-1,257,41,0,numeric
x530,905,-1,30046,19,19,numeric
x397,905,-1,1007,19,0,numeric
x750,903,-1,11385,19,1,numeric
x155,896,-1.0,42.86,92,0,numeric
x216,895,-1.0,66.67,131,0,numeric
x7,895,-1.0,58.6,19,0,numeric
x180,890,-1.0,33.33,92,0,numeric
x472,886,-1,395,20,0,numeric
x768,882,-1,69027,19,31,numeric
x102,882,-1.0,100.0,130,0,numeric
x952,880,-182.05,8902.83,206,0,numeric
x865,879,-1,20835,19,1,numeric
x826,876,-1,8361,19,0,numeric
x958,876,-1.0,278.69,6105,0,numeric
x201,876,-1.0,14.92,19,0,numeric
x981,875,-1,182,19,0,numeric
x90,875,-1.0,100.0,131,0,numeric
x651,874,-1,549,19,0,numeric
x254,873,-1,24779,19,1,numeric
x687,871,-1,19156,19,29,numeric
x194,871,-1.0,12.24,19,0,numeric
x133,869,-1.0,61.62,83,0,numeric
x20,867,-1.0,100.0,131,0,numeric
x163,863,-1.0,100.0,131,0,numeric
x91,863,-1.0,60.06,83,0,numeric
x613,860,-1,83075,19,107,numeric
x177,860,-1.0,50.0,92,0,numeric
x38,860,-1.0,45.48,19,0,numeric
x271,859,-1,37681,19,43,numeric
x746,859,-1,14448,19,2,numeric
x417,856,1,2,0,0,category
x353,854,0.0,3676.0,0,0,numeric
x40,854,-1.0,16.77,19,0,numeric
x268,853,-1,1382,19,0,numeric
x233,852,-1.0,100.0,92,0,numeric
x471,849,-1,355,20,0,numeric
x737,849,-1,101,19,0,numeric
x1129,846,1,8,0,0,category
x633,846,-1,71336,19,415,numeric
x295,846,-1,1320,19,0,numeric
x47,846,-1.0,53.4,92,0,numeric
x551,841,-1,363,2307,0,numeric
x184,841,-1.0,100.0,131,0,numeric
x87,841,-1.0,85.71,131,0,numeric
x957,840,-1,61,4421,0,numeric
x284,839,-1,49393,19,25,numeric
x557,838,-1,235196,19,4440,numeric
x361,837,0.0,708502.0,0,9700,numeric
x18,835,-1.0,40.86,92,0,numeric
x187,835,-1.0,13.39,19,0,numeric
x792,834,-1,14775,19,10,numeric
x424,831,-1,61,19,0,numeric
x154,829,-1.0,100.0,92,0,numeric
x41,829,-1.0,34.24,19,0,numeric
x126,828,-1.0,100.0,131,0,numeric
x22,828,-1.0,50.0,131,0,numeric
x19,826,-1.0,100.0,131,0,numeric
x5,826,-1.0,20.09,19,0,numeric
x213,824,-1.0,100.0,131,0,numeric
x160,822,-1.0,85.71,131,0,numeric
x730,820,-1,420,4139,0,numeric
x409,819,-1.0,1824.0,19,0,numeric
x949,818,-1.0,7913.44,285,0,numeric
x228,816,-1.0,28.0,19,0,numeric
x124,813,-1.0,100.0,131,0,numeric
x214,809,-1.0,100.0,131,0,numeric
x400,804,-1,693,19,0,numeric
x109,804,-1.0,41.13,19,0,numeric
x207,803,-1.0,55.56,92,0,numeric
x196,802,-1.0,27.23,19,0,numeric
x686,801,-1,26436,19,33,numeric
x217,800,-1.0,100.0,131,0,numeric
x432,799,-1.0,2589.06,52,0,numeric
x104,794,-1.0,100.0,130,0,numeric
x62,793,-1.0,100.0,83,0,numeric
x176,790,-1.0,100.0,92,0,numeric
x1005,790,-1,73,19,0,numeric
x953,788,-34.74,9987.8,144,0,numeric
x503,786,-1,284,83,0,numeric
x546,784,-1,351,3900,0,numeric
x220,782,-1.0,30.61,19,0,numeric
x781,781,-1,10295,19,1,numeric
x288,780,-1,428,7817,0,numeric
x238,777,-1.0,100.0,131,0,numeric
x100,776,-1.0,76.32,130,0,numeric
x15,774,-1.0,68.0,92,0,numeric
x147,772,-1.0,20.32,19,0,numeric
x434,770,-1.0,151.31,52,0,numeric
x181,768,-1.0,40.0,92,0,numeric
x653,766,-1,20516,19,12,numeric
x389,765,-1,185,19,0,numeric
x479,762,-1,754,20,0,numeric
x232,762,-1.0,68.0,92,0,numeric
x1029,759,-1,87,19,0,numeric
x575,758,-1,11972,19,2,numeric
x749,757,-1,15950,19,1,numeric
x146,756,-1.0,21.95,19,0,numeric
x296,753,-1.0,525.7,19,0,numeric
x469,747,0.0,1.2,0,0,numeric
x556,747,-1,184,19,0,numeric
x215,744,-1.0,50.0,131,0,numeric
x568,742,-1,4460,19,0,numeric
x713,740,-1,107453,19,6,numeric
x63,739,-1.0,100.0,130,0,numeric
x73,739,-1.0,13.73,19,0,numeric
x564,736,-1,62,83,0,numeric
x64,734,-1.0,100.0,130,0,numeric
x512,732,-1,134047,19,3,numeric
x348,729,0.0,100.0,0,0,numeric
x167,729,-1.0,26.7,19,0,numeric
x323,728,-1.0,32.0,19,0,numeric
x550,722,-1,371,6115,0,numeric
x385,722,-1,208,19,0,numeric
x206,722,-1.0,100.0,92,0,numeric
x203,722,-1.0,16.51,19,0,numeric
x382,721,-1,123,19,0,numeric
x365,720,-1,6144,92,0,numeric
x127,720,-1.0,50.0,131,0,numeric
x805,718,-1,21848,19,9,numeric
x297,717,-1.0,852.0,19,0,numeric
x78,717,-1.0,14.2,19,0,numeric
x186,716,-1.0,34.85,19,0,numeric
x610,714,-1,5959,19,0,numeric
x629,713,-1,175117,19,180,numeric
x80,708,-1.0,100.0,92,0,numeric
x56,708,-1.0,19.35,131,0,numeric
x156,705,-1.0,100.0,92,0,numeric
x752,704,-1,8231,19,0,numeric
x1001,704,-1,99,19,0,numeric
x614,702,-1,17022,19,4,numeric
x581,700,-1,11610,19,1,numeric
x106,700,-1.0,34.8,19,0,numeric
x86,699,-1.0,100.0,92,0,numeric
x1011,697,-1,89,19,0,numeric
x850,696,-1,11341,19,2,numeric
x48,696,-1.0,72.45,92,0,numeric
x1,696,-1.0,34.18,19,0,numeric
x534,691,-1,162,19,0,numeric
x476,688,-1,2327,20,0,numeric
x993,685,-1,357,19,0,numeric
x103,684,-1.0,100.0,130,0,numeric
x166,684,-1.0,25.0,131,0,numeric
x81,681,-1.0,100.0,92,0,numeric
x150,681,-1.0,40.0,19,0,numeric
x157,678,-1.0,40.0,92,0,numeric
x1022,672,-1,209,19,0,numeric
x61,671,-1.0,34.15,83,0,numeric
x994,670,-1,1138,19,0,numeric
x914,670,-1.0,198.76,4951,0,numeric
x372,669,-1,255,19,0,numeric
x647,668,-1,395,10188,0,numeric
x961,668,-1,10,4421,0,numeric
x384,666,-1,153,19,0,numeric
x379,665,-1,940,19,0,numeric
x992,664,-1,616,19,0,numeric
x354,663,0.0,379328.0,0,2026,numeric
x843,663,-1,12007,19,2,numeric
x34,662,-1.0,34.47,19,0,numeric
x403,660,-1,838,19,0,numeric
x764,659,-1,18720,19,4,numeric
x255,659,-1,1750,19,0,numeric
x678,658,-1,13856,19,1,numeric
x499,658,-1,344,19,0,numeric
x299,655,-1,1443,19,0,numeric
x117,653,-1.0,68.76,92,0,numeric
x761,650,-1,13894,19,1,numeric
x393,650,-1,2322,19,0,numeric
x804,649,-1,49129,19,13,numeric
x1138,646,1,33,0,0,category
x836,645,-1,677179,19,54,numeric
x529,644,-1,33028,19,13,numeric
x997,644,-1,461,19,0,numeric
x54,643,-1.0,100.0,131,0,numeric
x116,639,-1.0,20.38,19,0,numeric
x733,635,-1,196,19,0,numeric
x259,634,-1,18966,19,4,numeric
x977,633,-1,1776,19,0,numeric
x408,633,-1,678,19,0,numeric
x809,632,-1,2309,19,0,numeric
x373,632,-1,1211,19,0,numeric
x483,632,-1,585,20,0,numeric
x648,628,-1,398,6585,0,numeric
x396,625,-1,295,19,0,numeric
x525,624,-1,29963,19,7,numeric
x481,624,-1,4369,20,0,numeric
x169,624,-1.0,29.61,19,0,numeric
x282,620,-1,8902,19,0,numeric
x1077,620,-1,275,4951,0,numeric
x202,619,-1.0,10.8,19,0,numeric
x506,618,-1,1075,19,0,numeric
x731,618,-1,357,6130,0,numeric
x1117,617,1,35,0,0,category
x36,617,-1.0,22.65,19,0,numeric
x49,616,-1.0,28.57,92,0,numeric
x151,612,-1.0,26.09,19,0,numeric
x856,611,-1,323,19,0,numeric
x699,610,-1,7309,19,0,numeric
x460,609,0,215,0,0,numeric
x978,609,-1,1221,19,0,numeric
x413,609,-1,54,19,0,numeric
x839,609,-1,50,19,0,numeric
x782,606,-1,5309,19,0,numeric
x548,601,-1,260,47,0,numeric
x1114,600,1,36,0,0,category
x71,600,-1.0,26.65,19,0,numeric
x478,594,-1,4369,20,0,numeric
x996,594,-1,874,19,0,numeric
x33,594,-1.0,100.0,130,0,numeric
x347,593,0.0,1597488.0,0,13231,numeric
x748,592,-1,83075,19,72,numeric
x17,592,-1.0,100.0,92,0,numeric
x430,589,-1.0,456.0,52,0,numeric
x982,589,-1,172,19,0,numeric
x513,588,-1,146502,19,7,numeric
x835,583,-1,9415,19,0,numeric
x399,583,-1,122,19,0,numeric
x23,583,-1.0,44.79,131,0,numeric
x401,581,-1,505,19,0,numeric
x306,579,-1.0,620.0,19,0,numeric
x700,579,-1,103,19,0,numeric
x77,578,-1.0,19.18,19,0,numeric
x292,575,-1,1443,19,0,numeric
x652,575,-1,118,19,0,numeric
x253,572,-1,15475,19,1,numeric
x75,569,-1.0,19.98,19,0,numeric
x909,568,-1,82,4951,0,numeric
x197,568,-1.0,14.77,19,0,numeric
x188,566,-1.0,21.39,19,0,numeric
x174,565,-1.0,18.45,19,0,numeric
x555,563,-1,1361,19,0,numeric
x875,562,-1,653,19,0,numeric
x729,561,-1,369,9554,0,numeric
x485,557,-1,5555,20,0,numeric
x473,552,-1,617,20,0,numeric
x933,549,-1,71,4951,0,numeric
x475,548,-1,1521,20,0,numeric
x350,547,0.0,1060.0,0,0,numeric
x980,547,-1,114,19,0,numeric
x418,546,-1,17,19,0,numeric
x304,541,-1,2921,19,0,numeric
x674,539,-1,5210,19,0,numeric
x225,537,-1.0,15.79,19,0,numeric
x707,536,-1,8617,19,0,numeric
x643,535,-1,3523,19,0,numeric
x963,535,-1,17,4421,0,numeric
x1004,534,-1,296,19,0,numeric
x1108,528,1,36,0,0,category
x976,527,-1,2578,19,0,numeric
x520,526,-1,27607,19,1,numeric
x582,523,-1,1148,19,0,numeric
x796,518,-1,25078,19,4,numeric
x12,516,-1.0,18.6,19,0,numeric
x277,514,-1,22804,19,4,numeric
x1017,510,-1,31,19,0,numeric
x966,506,-1.0,22414532.0,12142,1844,numeric
x649,502,-1,373,13242,0,numeric
x1003,502,-1,222,19,0,numeric
x562,501,-1,16085,19,2,numeric
x431,501,-1.0,5082.35,52,0,numeric
x945,500,-1.0,5173.04,285,0,numeric
x517,493,-1,3523,19,0,numeric
x802,492,-1,4704,19,0,numeric
x704,491,-1,1070,19,0,numeric
x1137,490,1,8,0,0,category
x344,487,-1.0,1325.94,34,0,numeric
x553,487,-1,582,6510,0,numeric
x329,485,-24.9121,51.79815,4281,0,numeric
x470,484,0,398,0,0,numeric
x341,483,-1,3520,19,0,numeric
x765,483,-1,168,19,0,numeric
x1023,480,-1,487,19,0,numeric
x387,478,-1,96,19,0,numeric
x803,477,-1,249,19,0,numeric
x828,477,-1,121,19,0,numeric
x274,476,-1,356,12095,0,numeric
x954,476,-1,18,4421,0,numeric
x349,474,0.0,92.17,0,0,numeric
x576,472,-1,273,19,0,numeric
x866,472,-1,124,19,0,numeric
x294,470,-1,1325,19,0,numeric
x890,469,-1,79,4951,0,numeric
x69,462,-1.0,66.67,130,0,numeric
x545,461,-1,1321,19,0,numeric
x405,459,-1,658,19,0,numeric
x446,459,-1,16,13651,0,numeric
x590,457,-1,544,19,0,numeric
x821,455,-1,121,19,0,numeric
x374,454,-1,1160,19,0,numeric
x527,454,-1,304,19,0,numeric
x421,454,-1,245,19,0,numeric
x837,450,-1,146502,19,4,numeric
x338,450,-1,3538,19,0,numeric
x360,447,0.0,11278.0,0,1,numeric
x355,446,0.03,18676.0,0,7,numeric
x593,446,-1,24,44,0,numeric
x964,442,-1,19,4421,0,numeric
x266,439,-1,876,19,0,numeric
x960,439,-1.0,292.26,4421,0,numeric
x522,436,-1,38435,19,7,numeric
x1087,436,-1,9995,4951,0,numeric
x684,434,-1,122,19,0,numeric
x573,432,-1,134047,19,1,numeric
x818,432,-1,385,13010,0,numeric
x45,431,-1.0,33.5,19,0,numeric
x677,428,-1,16777,19,2,numeric
x497,427,-1,433,83,0,numeric
x108,427,-1.0,19.55,19,0,numeric
x611,426,-1,150503,19,4,numeric
x533,421,-1,690,19,0,numeric
x988,420,-1,545,19,0,numeric
x979,419,-1,1216,19,0,numeric
x1055,419,-1,866,4951,0,numeric
x1109,418,1,33,0,0,category
x198,418,-1.0,23.6,19,0,numeric
x170,417,-1.0,19.9,19,0,numeric
x676,416,-1,11071,19,1,numeric
x1115,412,1,36,0,0,category
x285,412,-1,497,19,0,numeric
x325,411,-1,63,19,0,numeric
x585,409,-1,1016,19,0,numeric
x626,407,-1,1859,19,0,numeric
x307,407,-1,1691,19,0,numeric
x386,407,-1,144,19,0,numeric
x574,406,-1,150503,19,2,numeric
x631,405,-1,358,19,0,numeric
x863,398,-1,116,19,0,numeric
x1025,397,-1,81,19,0,numeric
x1009,397,-1,54,19,0,numeric
x221,396,-1.0,10.25,19,0,numeric
x410,394,-1.0,2306.0,19,0,numeric
x334,393,-1,5,19,0,numeric
x602,392,-1,1050,19,0,numeric
x847,392,-1,628,19,0,numeric
x697,391,-1,98,19,0,numeric
x388,387,-1,265,19,0,numeric
x339,385,-1,2210,19,0,numeric
x623,383,-1,14591,19,1,numeric
x624,381,-1,18540,19,1,numeric
x827,379,-1,154,19,0,numeric
x461,378,0,50,0,0,numeric
x429,377,-1,1481,52,0,numeric
x1057,377,-1,1126,4951,0,numeric
x605,375,-1,431,19,0,numeric
x340,371,-1,5913,19,0,numeric
x806,371,-1,106,19,0,numeric
x335,369,-1,5,19,0,numeric
x579,368,-1,465,19,0,numeric
x371,368,-1,250,19,0,numeric
x985,367,-1,175,19,0,numeric
x732,366,-1,147,19,0,numeric
x1035,366,-1,1,3642,0,category
x1130,365,1,8,0,0,category
x967,362,-1,22414532,12142,1881,numeric
x32,359,-1.0,100.0,130,0,numeric
x1015,358,-1,825,19,0,numeric
x394,357,-1,72,19,0,numeric
x283,356,-1,351,19,0,numeric
x968,355,-1,22414532,12142,1209,numeric
x851,355,-1,117,19,0,numeric
x703,354,-1,2692,19,0,numeric
x655,353,-1,136,19,0,numeric
x646,344,-1,237,13169,0,numeric
x459,343,0,925,0,0,numeric
x1110,341,1,33,0,0,category
x657,339,-1,368,19,0,numeric
x535,339,-1,119,19,0,numeric
x1102,338,-1,2449,4951,0,numeric
x244,338,-1,194,19,0,numeric
x1116,337,1,36,0,0,category
x480,335,-1,562,21,0,numeric
x920,334,-1,370,4951,0,numeric
x800,333,-1,706,19,0,numeric
x1072,332,-1,9409,4951,0,numeric
x1021,332,-1,101,19,0,numeric
x762,331,-1,646,19,0,numeric
x493,328,-1,346,83,0,numeric
x1135,326,1,36,0,0,category
x990,325,-1,292,19,0,numeric
x370,324,-1,10536,19,1,numeric
x523,324,-1,5784,19,0,numeric
x484,324,-1,2990,20,0,numeric
x987,324,-1,156,19,0,numeric
x381,323,-1,14637,19,9,numeric
x621,319,-1,1321,19,0,numeric
x415,318,1,4,0,0,category
x1074,318,-1,12359,4951,1,numeric
x256,318,-1,375,19,0,numeric
x1105,317,-1,446,4951,0,numeric
x1090,314,-1,2303,4951,0,numeric
x1059,313,-1,930,4951,0,numeric
x1083,312,-1,2705,4951,0,numeric
x1064,311,-1,362,4951,0,numeric
x736,308,-1,121,19,0,numeric
x369,307,-1,7672,19,0,numeric
x1020,305,-1,239,19,0,numeric
x972,304,-1.0,22785057.0,13588,1335,numeric
x845,304,-1,5075,19,0,numeric
x948,302,-1.0,843.0,286,0,numeric
x1103,302,-1,559,4951,0,numeric
x380,302,-1,16,19,0,numeric
x343,301,-1.0,999.46,170,0,numeric
x526,299,-1,240,19,0,numeric
x869,298,-1,39,19,0,numeric
x1016,298,-1,36,19,0,numeric
x974,297,-1,22785057,13588,862,numeric
x650,296,-1,416,10943,0,numeric
x991,293,-1,83,19,0,numeric
x531,292,-1,8072,19,0,numeric
x1104,292,-1,322,4951,0,numeric
x709,291,-1,77,19,0,numeric
x391,289,-1.0,4130.0,19,0,numeric
x273,289,-1,340,19,0,numeric
x390,289,-1,34,19,0,numeric
x857,288,-1,167,19,0,numeric
x924,287,-1,51,4951,0,numeric
x1120,286,1,8,0,0,category
x265,283,-1,21837,19,2,numeric
x547,283,-1,387,13030,0,numeric
x267,283,-1,125,19,0,numeric
x679,283,-1,81,19,0,numeric
x984,282,-1,40,19,0,numeric
x870,277,-1,25,19,0,numeric
x844,275,-1,9519,19,0,numeric
x819,273,-1,387,13061,0,numeric
x1063,273,-1,32,4951,0,numeric
x589,272,-1,3286,19,0,numeric
x983,272,-1,115,19,0,numeric
x720,271,-1,7309,19,0,numeric
x1068,270,-1,1519,4951,0,numeric
x326,269,-1,23,19,0,numeric
x330,268,-1.0,133.398,4280,0,numeric
x667,268,-1,21,19,0,numeric
x509,267,-1,632,19,0,numeric
x625,266,-1,66,19,0,numeric
x751,266,-1,62,19,0,numeric
x1053,260,-1,103,4951,0,numeric
x841,259,-1,44,19,0,numeric
x630,258,-1,2117,19,0,numeric
x436,257,-1,2863,52,0,numeric
x269,257,-1,323,19,0,numeric
x780,256,-1,10,44,0,numeric
x874,254,-1,153,19,0,numeric
x510,254,-1,103,19,0,numeric
x351,253,0.04,19558.0,0,10,numeric
x1060,253,-1,355,4951,0,numeric
x328,253,-1,21,92,0,numeric
x420,251,-1,24,19,0,numeric
x1007,250,-1,24,19,0,numeric
x790,249,-1,125,19,0,numeric
x595,249,-1,29,19,0,numeric
x918,245,-1,466,4951,0,numeric
x675,245,-1,87,19,0,numeric
x669,243,-1,3286,19,0,numeric
x862,243,-1,146,19,0,numeric
x904,243,-1,8,4951,0,numeric
x1112,241,1,33,0,0,category
x466,239,0,37,0,0,numeric
x971,239,-1,69,19,0,numeric
x1131,238,1,35,0,0,category
x594,237,-1,4373,19,0,numeric
x1008,237,-1,73,19,0,numeric
x973,236,-1,22785057,13588,1344,numeric
x242,236,-1,13642,19,1,numeric
x742,235,-1,2657,19,0,numeric
x905,235,-1,388,4951,0,numeric
x887,234,-1,54,4951,0,numeric
x937,233,-1,67,4951,0,numeric
x258,230,-1,233,19,0,numeric
x1048,229,-1,175,19,0,numeric
x597,226,-1,2324,19,0,numeric
x747,226,-1,619,19,0,numeric
x532,223,-1,6188,19,0,numeric
x345,222,-1.0,1748.13,19,0,numeric
x680,221,-1,89,19,0,numeric
x777,220,-1,150,19,0,numeric
x1067,219,-1,289,4951,0,numeric
x682,218,-1,112,19,0,numeric
x659,218,-1,90,19,0,numeric
x521,217,-1,464,19,0,numeric
x1111,216,1,27,0,0,category
x1084,216,-1,1065,4951,0,numeric
x793,216,-1,112,19,0,numeric
x892,215,-1,4,4951,0,numeric
x1118,214,1,34,0,0,category
x577,210,-1,58,19,0,numeric
x1078,209,-1.0,220.85,4951,0,numeric
x848,209,-1,112,19,0,numeric
x1006,209,-1,28,19,0,numeric
x838,208,-1,913,19,0,numeric
x955,208,-1,65,4421,0,numeric
x378,207,-1,64,19,0,numeric
x1041,207,-1,1,3647,0,category
x902,206,-1,79,4951,0,numeric
x705,205,-1,289,19,0,numeric
x910,205,-1,12,4951,0,numeric
x449,205,-1,1,14051,0,category
x411,204,1,7,0,0,category
x998,203,-1,65,19,0,numeric
x377,203,-1,43,19,0,numeric
x245,202,-1,302,19,0,numeric
x322,201,-1,63,19,0,numeric
x715,200,-1,8954,19,0,numeric
x745,200,-1,62,19,0,numeric
x251,198,-1,20582,19,5,numeric
x263,198,-1,1069,19,0,numeric
x756,197,-1,6508,19,0,numeric
x672,197,-1,103,19,0,numeric
x708,193,-1,65,19,0,numeric
x889,191,-1,20,4951,0,numeric
x243,189,-1,154,19,0,numeric
x908,189,-1,55,4951,0,numeric
x795,187,-1,914,19,0,numeric
x789,187,-1,251,19,0,numeric
x770,187,-1,186,19,0,numeric
x1066,186,-1,308,4951,0,numeric
x939,185,-1,6,4951,0,numeric
x464,183,0,198,0,0,numeric
x327,182,-1,3157,92,0,numeric
x969,182,-1,49,19,0,numeric
x962,182,-1,19,4421,0,numeric
x519,179,-1,150,19,0,numeric
x402,179,-1,95,19,0,numeric
x880,179,-1,57,19,0,numeric
x1049,179,-1,33,19,0,numeric
x1113,178,1,33,0,0,category
x1062,178,-1,280,4951,0,numeric
x1012,177,-1,51,19,0,numeric
x693,176,-1,1536,19,0,numeric
x1136,175,1,8,0,0,category
x1013,174,-1,15,19,0,numeric
x1123,170,1,8,0,0,category
x935,170,-1,82,4951,0,numeric
x569,168,-1,36,19,0,numeric
x465,167,0,388,0,0,numeric
x260,167,-1,170,19,0,numeric
x332,167,-1,38,19,0,numeric
x1046,165,-1,1,24,0,category
x423,164,-1,6,19,0,numeric
x544,161,-1,11,19,0,numeric
x570,160,-1,2599,19,0,numeric
x783,158,-1,5495,19,0,numeric
x1119,155,1,8,0,0,category
x467,153,0,11,0,0,numeric
x596,152,-1,20,19,0,numeric
x1002,152,-1,12,19,0,numeric
x840,150,-1,64,19,0,numeric
x694,149,-1,54,19,0,numeric
x375,149,-1,44,19,0,numeric
x1133,148,1,8,0,0,category
x930,148,-1,20,4951,0,numeric
x1128,147,1,8,0,0,category
x915,147,-1,247,4951,0,numeric
x1106,145,-1,266,4951,0,numeric
x586,145,-1,214,19,0,numeric
x1000,145,-1,51,19,0,numeric
x414,145,-1,14,19,0,numeric
x753,144,-1,68,19,0,numeric
x324,143,-1,5,19,0,numeric
x759,142,-1,69,19,0,numeric
x627,140,-1,301,19,0,numeric
x612,139,-1,106,19,0,numeric
x561,138,-1,96,19,0,numeric
x1125,135,1,8,0,0,category
x639,135,-1,12,19,0,numeric
x1107,134,1,34,0,0,category
x717,133,-1,369,19,0,numeric
x376,133,-1,52,19,0,numeric
x456,133,-1,34,13778,0,numeric
x1127,132,1,8,0,0,category
x628,132,-1,304,19,0,numeric
x608,132,-1,70,19,0,numeric
x444,132,-1,1,13651,0,category
x1081,130,-1,89,4951,0,numeric
x632,130,-1,82,19,0,numeric
x567,129,-1,13,19,0,numeric
x794,127,-1,112,19,0,numeric
x921,126,-1,54,4951,0,numeric
x810,125,-1,772,19,0,numeric
x457,124,0,256,0,0,numeric
x1073,124,-1,930,4951,0,numeric
x807,124,-1,14,19,0,numeric
x673,120,-1,73,19,0,numeric
x739,118,-1,1385,19,0,numeric
x706,117,-1,67,19,0,numeric
x671,114,-1,4435,19,0,numeric
x580,114,-1,202,19,0,numeric
x572,114,-1,80,19,0,numeric
x1028,114,-1,28,19,0,numeric
x926,114,-1,23,4951,0,numeric
x816,113,-1,72,19,0,numeric
x931,113,-1,2,4951,0,numeric
x492,111,-1,298,19,0,numeric
x502,108,-1,1385,19,0,numeric
x1101,107,-1,318,4951,0,numeric
x311,107,-1,1,3663,0,category
x539,106,-1,9764,19,0,numeric
x975,106,-1,49,19,0,numeric
x928,106,-1,24,4951,0,numeric
x934,105,-1,6,4951,0,numeric
x1075,103,-1,196,4951,0,numeric
x714,103,-1,76,19,0,numeric
x799,103,-1,11,19,0,numeric
x309,102,-1,1,2870,0,category
x600,100,-1,22,19,0,numeric
x832,99,-1,1779,19,0,numeric
x1126,98,1,8,0,0,category
x885,97,-1,1,4951,0,category
x1121,96,1,8,0,0,category
x1089,96,-1,397,4951,0,numeric
x1085,96,-1,262,4951,0,numeric
x701,96,-1,18,19,0,numeric
x801,92,-1,90,19,0,numeric
x618,91,-1,72,19,0,numeric
x938,91,-1,6,4951,0,numeric
x779,91,-1,5,44,0,numeric
x712,90,-1,106,19,0,numeric
x1027,89,-1,14,19,0,numeric
x279,87,-1,3959,19,0,numeric
x1056,86,-1,101,4951,0,numeric
x1040,86,-1,1,2850,0,category
x250,85,-1,3036,19,0,numeric
x1094,85,-1,99,4951,0,numeric
x280,84,-1,155,19,0,numeric
x290,83,-1,4355,19,0,numeric
x1061,83,-1,28,4951,0,numeric
x416,81,1,4,0,0,category
x425,81,-1,245,19,0,numeric
x1030,81,-1,16,19,0,numeric
x1082,79,-1,605,4951,0,numeric
x664,78,-1,3151,19,0,numeric
x808,78,-1,6,19,0,numeric
x622,77,-1,145,19,0,numeric
x718,77,-1,74,19,0,numeric
x1054,76,-1,100,4951,0,numeric
x1042,76,-1,1,443,0,category
x758,75,-1,154,19,0,numeric
x1014,75,-1,13,19,0,numeric
x419,74,-1,22,19,0,numeric
x888,74,-1,15,4951,0,numeric
x1071,73,-1,838,4951,0,numeric
x1076,73,-1,251,4951,0,numeric
x882,72,-1,25,4951,0,numeric
x264,70,-1,261,19,0,numeric
x1088,70,-1,208,4951,0,numeric
x670,70,-1,14,19,0,numeric
x454,70,-1,1,13778,0,category
x1070,69,-1,196,4951,0,numeric
x1086,69,-1,86,4951,0,numeric
x540,69,-1,3,83,0,numeric
x719,68,-1,79,19,0,numeric
x302,68,-2,1,25,0,category
x1122,66,1,8,0,0,category
x281,66,-1,167,19,0,numeric
x740,66,-1,61,19,0,numeric
x989,66,-1,26,19,0,numeric
x571,65,-1,87,19,0,numeric
x881,65,-1,20,4951,0,numeric
x599,64,-1,25,19,0,numeric
x919,64,-1,22,4951,0,numeric
x508,63,-1,256,19,0,numeric
x932,63,-1,15,4951,0,numeric
x537,62,-1,592,19,0,numeric
x1099,62,-1,263,4951,0,numeric
x871,61,-1,15,19,0,numeric
x1091,60,-1,113,4951,0,numeric
x691,60,-1,33,19,0,numeric
x315,60,-1,1,94,0,category
x1058,59,-1,98,4951,0,numeric
x249,58,-1,4906,19,0,numeric
x1069,58,-1,172,4951,0,numeric
x1092,56,-1,124,4951,0,numeric
x755,56,-1,64,19,0,numeric
x441,56,-1,15,13998,0,numeric
x893,55,-1,6,4951,0,numeric
x811,55,-1,4,83,0,numeric
x702,54,-1,17,19,0,numeric
x1036,54,-1,1,585,0,category
x1096,53,-1,261,4951,0,numeric
x1038,53,-1,1,4171,0,category
x784,52,-1,26,19,0,numeric
x1080,51,-1,226,4951,0,numeric
x754,50,-1,36,19,0,numeric
x314,50,-1,1,63,0,category
x1097,49,-1,139,4951,0,numeric
x598,48,-1,3027,19,0,numeric
x917,48,-1,15,4951,0,numeric
x668,48,-1,10,19,0,numeric
x308,46,-1,1,4191,0,category
x1043,44,-1,1,453,0,category
x1031,44,-1,0,13298,0,category
x1065,43,-1,27,4951,0,numeric
x310,43,-1,1,3657,0,category
x1047,42,-1,1,576,0,category
x1032,42,-1,1,34,0,category
x854,41,-1,230,19,0,numeric
x1124,40,1,8,0,0,category
x891,40,-1,8,4951,0,numeric
x317,40,-1,1,85,0,category
x442,40,-1,0,13651,0,numeric
x331,39,-1,6,19,0,numeric
x1044,39,-1,1,13298,0,category
x884,39,-1,1,4951,0,category
x319,39,-1,1,53,0,category
x543,38,-1,18,19,0,numeric
x300,37,-1,1,8534,0,category
x498,36,-1,2148,83,0,numeric
x261,36,-1,39,19,0,numeric
x1045,36,-1,1,34,0,category
x970,35,-1,22,19,0,numeric
x901,35,-1,4,4951,0,numeric
x724,34,-1,45,19,0,numeric
x916,34,-1,12,4951,0,numeric
x900,34,-1,5,4951,0,numeric
x501,33,-1,2148,83,0,numeric
x1098,33,-1,68,4951,0,numeric
x688,32,-1,256,19,0,numeric
x936,32,-1,5,4951,0,numeric
x898,32,-1,5,4951,0,numeric
x447,32,-1,0,14051,0,category
x451,31,-1,15,14051,0,numeric
x303,31,-1,1,186,0,category
x313,31,-1,1,95,0,category
x907,29,-1,52,4951,0,numeric
x536,29,-1,6,19,0,numeric
x320,29,-1,1,84,0,category
x452,29,-1,0,13778,0,category
x896,28,-1,4,4951,0,numeric
x301,28,-1,1,14517,0,category
x439,28,-1,1,13998,0,category
x1100,27,-1,206,4951,0,numeric
x925,27,-1,12,4951,0,numeric
x443,27,-1,1,13651,0,numeric
x872,26,-1,20,19,0,numeric
x834,26,-1,15,19,0,numeric
x316,25,-1,1,53,0,category
x1033,25,-1,0,13355,0,category
x662,24,-1,31,19,0,numeric
x1050,24,-1,1,13298,0,category
x426,24,-1,1,19,0,category
x518,23,-1,681,19,0,numeric
x1037,23,-1,1,24,0,category
x1039,23,-1,0,13297,0,category
x507,22,-1,304,83,0,numeric
x247,22,-1,42,19,0,numeric
x927,22,-1,3,4951,0,numeric
x453,22,-1,0,13778,0,category
x1034,22,-1,0,13342,0,category
x635,21,-1,1746,19,0,numeric
x1093,21,-1,22,4951,0,numeric
x505,19,-1,304,83,0,numeric
x1079,19,-1,53,4951,0,numeric
x262,19,-1,32,19,0,numeric
x906,19,-1,10,4951,0,numeric
x445,19,-1,1,13651,0,numeric
x1095,18,-1,46,4951,0,numeric
x817,17,-1,681,19,0,numeric
x438,17,-1,0,13998,0,category
x711,16,-1,18,19,0,numeric
x278,15,-1,3545,19,0,numeric
x437,15,-1,0,13998,0,numeric
x620,14,-1,395,19,0,numeric
x275,14,-1,50,19,0,numeric
x922,14,-1,8,4951,0,numeric
x312,14,-1,1,63,0,category
x448,14,-1,0,14051,0,category
x965,13,-1,23,19,0,numeric
x903,13,-1,11,4951,0,numeric
x455,13,-1,0,13778,0,category
x450,12,-1,0,14051,0,category
x276,11,-1,5475,19,0,numeric
x929,11,-1,2,4951,0,numeric
x1051,11,-1,0,13297,0,category
x833,9,-1,1246,19,0,numeric
x723,9,-1,8,19,0,numeric
x440,9,-1,0,13998,0,category
x495,8,-1,454,83,0,numeric
x912,8,-1,10,4951,0,numeric
x895,8,-1,3,4951,0,numeric
x644,6,-1,395,19,0,numeric
x321,6,-1,1,19,0,category
x1052,6,-1,0,13298,0,category
x1132,5,1,7,0,0,category
x291,5,-1,28,19,0,numeric
x923,5,-1,4,4951,0,numeric
x500,4,-1,454,83,0,numeric
x248,4,-1,66,19,0,numeric
x899,4,-1,2,4951,0,numeric
x886,4,-1,1,4951,0,category
x744,3,-1,10,19,0,numeric
x318,3,-1,1,19,0,category
x1134,2,7,8,0,0,category
x776,2,-1,2223,19,0,numeric
x619,2,-1,8,19,0,numeric
x696,1,-1,1708,19,0,numeric
x773,1,-1,494,19,0,numeric
x812,1,-1,3,19,0,numeric
x894,1,-1,2,4951,0,numeric
x883,1,-1,1,4951,0,category
